DATE,CLOSE
2015-05-04,545.08
2015-05-05,552.65
2015-05-06,549.3
2015-05-07,552.98
2015-05-08,554.51
2015-05-11,551.67
2015-05-12,544.41
2015-05-13,542.82
2015-05-14,543.69
2015-05-15,537.44
2015-05-18,528.95
2015-05-19,536.82
2015-05-20,550.1
2015-05-21,552.56
2015-05-22,561.82
2015-05-25,563.0
2015-05-26,567.2
2015-05-27,566.48
2015-05-28,572.97
2015-05-29,569.56
2015-06-01,574.98
2015-06-02,570.31
2015-06-03,567.9
2015-06-04,568.99
2015-06-05,578.07
2015-06-08,579.83
2015-06-09,574.47
2015-06-10,574.1
2015-06-11,581.05
2015-06-12,582.73
2015-06-15,586.48
2015-06-16,580.35
2015-06-17,578.87
2015-06-18,580.35
2015-06-19,585.15
2015-06-22,594.08
2015-06-23,593.07
2015-06-24,590.02
2015-06-25,587.99
2015-06-26,581.75
2015-06-29,591.75
2015-06-30,593.05
2015-07-01,591.5
2015-07-02,605.7
2015-07-03,616.43
2015-07-06,625.22
2015-07-07,630.27
2015-07-08,623.17
2015-07-09,622.1
2015-07-10,627.28
2015-07-13,634.06
2015-07-14,638.69
2015-07-15,630.89
2015-07-16,626.9
2015-07-17,628.63
2015-07-20,620.54
2015-07-21,616.61
2015-07-22,629.85
2015-07-23,632.01
2015-07-24,631.26
2015-07-27,635.46
2015-07-28,631.47
2015-07-29,624.7
2015-07-30,626.57
2015-07-31,621.06
2015-08-03,609.47
2015-08-04,600.76
2015-08-05,607.08
2015-08-06,601.04
2015-08-07,603.76
2015-08-10,614.53
2015-08-11,613.05
2015-08-12,604.24
2015-08-13,594.26
2015-08-14,589.03
2015-08-17,573.15
2015-08-18,580.22
2015-08-19,577.82
2015-08-20,566.69
2015-08-21,556.3
2015-08-24,526.93
2015-08-25,529.98
2015-08-26,545.89
2015-08-27,555.81
2015-08-28,570.87
2015-08-31,564.75
2015-09-01,562.31
2015-09-03,554.3
2015-09-04,556.81
2015-09-07,554.93
2015-09-08,566.72
2015-09-09,572.34
2015-09-10,572.07
2015-09-11,566.74
2015-09-14,562.17
2015-09-15,563.27
2015-09-16,564.13
2015-09-17,562.48
2015-09-18,566.25
2015-09-21,572.12
2015-09-22,573.2
2015-09-23,572.72
2015-09-24,570.25
2015-09-25,570.38
2015-09-28,564.88
2015-09-29,561.19
2015-09-30,562.64
2015-10-01,563.54
2015-10-02,562.31
2015-10-05,570.0
2015-10-06,581.29
2015-10-07,579.57
2015-10-08,586.78
2015-10-09,588.02
2015-10-12,592.1
2015-10-13,590.84
2015-10-14,589.98
2015-10-15,592.4
2015-10-16,593.02
2015-10-19,594.61
2015-10-20,590.45
2015-10-21,590.24
2015-10-22,595.08
2015-10-23,601.74
2015-10-26,598.61
2015-10-27,598.44
2015-10-28,596.24
2015-10-29,605.2
2015-10-30,607.37
2015-11-02,602.76
2015-11-03,611.71
2015-11-04,610.6
2015-11-05,615.18
2015-11-06,612.36
2015-11-09,610.66
2015-11-10,605.27
2015-11-11,603.53
2015-11-12,605.58
2015-11-13,611.27
2015-11-16,609.21
2015-11-17,605.05
2015-11-18,603.34
2015-11-19,601.9
2015-11-20,604.46
2015-11-23,599.99
2015-11-24,593.83
2015-11-25,595.7
2015-11-26,590.4
2015-11-27,582.86
2015-11-30,573.2
2015-12-01,570.41
2015-12-02,574.42
2015-12-03,574.38
2015-12-04,571.62
2015-12-07,563.62
2015-12-08,574.15
2015-12-09,565.2
2015-12-10,561.04
2015-12-11,563.43
2015-12-14,562.22
2015-12-15,568.0
2015-12-16,572.55
2015-12-17,577.11
2015-12-18,568.18
2015-12-21,566.9
2015-12-22,566.35
2015-12-23,564.27
2015-12-24,566.17
2015-12-25,567.67
2015-12-28,569.9
2015-12-29,576.29
2015-12-30,579.45
2015-12-31,579.03
2016-01-04,574.41
2016-01-05,569.94
2016-01-06,574.57
2016-01-07,565.36
2016-01-08,560.05
2016-01-11,557.87
2016-01-12,564.26
2016-01-13,560.37
2016-01-14,553.03
2016-01-15,543.04
2016-01-18,526.37
2016-01-19,535.77
2016-01-20,529.44
2016-01-21,521.88
2016-01-22,522.24
2016-01-25,542.35
2016-01-26,537.73
2016-01-27,542.69
2016-01-28,539.47
2016-01-29,545.25
2016-02-01,540.56
2016-02-02,536.45
2016-02-03,539.07
2016-02-04,542.15
2016-02-05,544.75
2016-02-15,543.79
2016-02-16,548.05
2016-02-17,547.05
2016-02-18,552.49
2016-02-19,554.03
2016-02-22,560.71
2016-02-23,561.28
2016-02-24,568.04
2016-02-25,562.82
2016-02-26,566.11
2016-02-29,559.37
2016-03-01,561.56
2016-03-02,570.18
2016-03-03,570.39
2016-03-04,573.65
2016-03-07,576.2
2016-03-08,574.71
2016-03-09,571.71
2016-03-10,575.91
2016-03-11,577.26
2016-03-14,577.98
2016-03-15,574.04
2016-03-16,577.07
2016-03-17,579.26
2016-03-18,575.82
2016-03-21,572.27
2016-03-22,570.91
2016-03-23,574.71
2016-03-24,570.66
2016-03-25,572.08
2016-03-28,575.72
2016-03-29,568.28
2016-03-30,569.91
2016-03-31,561.22
2016-04-01,558.43
2016-04-04,555.82
2016-04-05,560.32
2016-04-06,567.79
2016-04-07,571.6
2016-04-08,572.34
2016-04-11,579.27
2016-04-12,579.84
2016-04-13,578.02
2016-04-14,579.49
2016-04-15,579.86
2016-04-19,568.28
2016-04-20,568.03
2016-04-21,575.73
2016-04-22,592.48
2016-04-25,591.58
2016-04-26,598.48
2016-04-27,593.96
2016-04-28,591.67
2016-04-29,598.37
2016-05-04,599.07
2016-05-05,601.51
2016-05-06,606.52
2016-05-09,603.85
2016-05-10,605.05
2016-05-11,614.06
2016-05-12,612.12
2016-05-13,610.82
2016-05-16,615.78
2016-05-17,624.75
2016-05-18,622.45
2016-05-19,619.2
2016-05-20,614.81
2016-05-23,611.03
2016-05-24,611.62
2016-05-25,611.89
2016-05-26,604.34
2016-05-27,608.11
2016-05-30,614.5
2016-05-31,618.44
2016-06-01,619.86
2016-06-02,623.37
2016-06-03,621.88
2016-06-06,620.05
2016-06-07,624.65
2016-06-08,627.87
2016-06-09,631.26
2016-06-10,629.84
2016-06-13,623.58
2016-06-14,625.43
2016-06-15,627.02
2016-06-16,625.11
2016-06-17,619.25
2016-06-20,626.46
2016-06-21,628.0
2016-06-22,626.41
2016-06-23,632.27
2016-06-24,620.77
2016-06-27,621.27
2016-06-28,622.2
2016-06-29,630.12
2016-06-30,632.26
2016-07-01,640.3
2016-07-04,647.96
2016-07-05,650.88
2016-07-06,649.46
2016-07-07,661.12
2016-07-08,658.68
2016-07-11,652.26
2016-07-12,658.9
2016-07-13,675.12
2016-07-14,666.69
2016-07-15,664.56
2016-07-18,673.5
2016-07-19,667.76
2016-07-20,660.26
2016-07-21,659.57
2016-07-22,649.87
2016-07-25,649.3
2016-07-26,648.59
2016-07-27,656.11
2016-07-28,657.14
2016-07-29,652.23
2016-08-01,648.38
2016-08-02,636.05
2016-08-03,631.61
2016-08-04,631.94
2016-08-05,627.39
2016-08-08,629.46
2016-08-09,637.34
2016-08-10,648.33
2016-08-11,660.24
2016-08-12,655.71
2016-08-15,659.47
2016-08-16,658.11
2016-08-17,660.51
2016-08-18,660.65
2016-08-19,662.28
2016-08-22,657.68
2016-08-23,659.16
2016-08-24,660.77
2016-08-25,658.5
2016-08-26,667.75
2016-08-29,669.44
2016-08-30,672.67
2016-08-31,674.63
2016-09-01,669.19
2016-09-05,664.55
2016-09-06,663.9
2016-09-07,661.28
2016-09-08,666.07
2016-09-09,666.88
2016-09-12,659.76
2016-09-13,659.72
2016-09-14,656.64
2016-09-15,656.18
2016-09-16,651.31
2016-09-19,657.89
2016-09-20,663.37
2016-09-21,668.48
2016-09-22,671.38
2016-09-23,674.09
2016-09-26,677.04
2016-09-27,684.89
2016-09-28,686.72
2016-09-29,688.55
2016-09-30,685.73
2016-10-03,683.05
2016-10-04,684.2
2016-10-05,687.04
2016-10-06,687.32
2016-10-07,683.95
2016-10-10,674.19
2016-10-11,682.36
2016-10-12,682.45
2016-10-13,685.23
2016-10-14,687.0
2016-10-17,680.95
2016-10-18,682.02
2016-10-19,688.89
2016-10-20,686.39
2016-10-21,684.83
2016-10-24,678.02
2016-10-25,676.18
2016-10-26,673.61
2016-10-27,676.9
2016-10-28,682.25
2016-10-31,675.8
2016-11-01,676.6
2016-11-02,671.4
2016-11-03,667.63
2016-11-04,666.73
2016-11-07,674.14
2016-11-08,676.46
2016-11-09,670.26
2016-11-10,678.17
2016-11-11,679.2
2016-11-14,673.05
2016-11-15,674.26
2016-11-16,674.6
2016-11-17,674.57
2016-11-18,673.25
2016-11-21,674.29
2016-11-22,681.91
2016-11-23,683.16
2016-11-24,678.18
2016-11-25,675.87
2016-11-28,665.29
2016-11-29,658.26
2016-11-30,665.07
2016-12-01,666.54
2016-12-02,665.14
2016-12-05,660.21
2016-12-06,651.49
2016-12-07,653.53
2016-12-08,658.89
2016-12-09,663.07
2016-12-12,659.7
2016-12-13,654.66
2016-12-14,665.14
2016-12-15,665.92
2016-12-16,675.16
2016-12-19,674.33
2016-12-20,662.66
2016-12-21,666.94
2016-12-22,664.15
2016-12-23,664.37
2016-12-26,662.45
2016-12-27,663.86
2016-12-28,663.5
2016-12-29,664.72
2016-12-30,664.87
2017-01-03,672.01
2017-01-04,674.7
2017-01-05,675.81
2017-01-06,679.8
2017-01-09,682.57
2017-01-10,681.07
2017-01-11,687.16
2017-01-12,686.96
2017-01-13,685.06
2017-01-16,677.94
2017-01-17,684.71
2017-01-18,683.28
2017-01-19,682.31
2017-01-20,686.26
2017-01-23,687.15
2017-01-24,691.36
2017-01-25,697.28
2017-02-02,703.18
2017-02-03,700.35
2017-02-06,700.04
2017-02-07,701.91
2017-02-08,702.04
2017-02-09,700.65
2017-02-10,703.78
2017-02-13,705.9
2017-02-14,706.26
2017-02-15,711.57
2017-02-16,709.35
2017-02-17,707.83
2017-02-20,710.59
2017-02-21,716.55
2017-02-22,717.24
2017-02-23,716.87
2017-02-24,714.47
2017-02-27,717.44
2017-02-28,710.79
2017-03-01,709.52
2017-03-02,707.51
2017-03-03,712.62
2017-03-06,716.29
2017-03-07,716.54
2017-03-08,716.6
2017-03-09,715.8
2017-03-10,712.21
2017-03-13,710.17
2017-03-14,714.71
2017-03-15,713.14
2017-03-16,714.92
2017-03-17,710.54
2017-03-20,715.07
2017-03-21,716.18
2017-03-22,712.94
2017-03-23,719.56
2017-03-24,722.14
2017-03-27,723.52
2017-03-28,719.26
2017-03-29,720.47
2017-03-30,723.86
2017-03-31,722.31
2017-04-03,722.38
2017-04-04,724.14
2017-04-05,723.22
2017-04-07,727.95
2017-04-10,729.87
2017-04-11,731.33
2017-04-12,725.58
2017-04-13,724.35
2017-04-14,718.45
2017-04-17,710.83
2017-04-18,714.93
2017-04-19,716.77
2017-04-20,712.66
2017-04-21,712.41
2017-04-24,709.39
2017-04-25,707.58
2017-04-26,710.04
2017-04-27,716.53
2017-04-28,717.73
2017-05-03,719.54
2017-05-04,722.02
2017-05-05,720.0
2017-05-08,718.86
2017-05-09,722.11
2017-05-10,724.31
2017-05-11,724.99
2017-05-12,725.37
2017-05-15,725.35
2017-05-16,725.03
2017-05-17,727.2
2017-05-18,726.99
2017-05-19,733.82
2017-05-22,744.1
2017-05-23,740.93
2017-05-24,742.74
2017-05-25,741.91
2017-05-26,743.41
2017-05-29,746.25
2017-05-30,738.21
2017-05-31,737.82
2017-06-01,741.8
2017-06-02,738.81
2017-06-05,743.49
2017-06-06,751.31
2017-06-07,753.46
2017-06-08,750.13
2017-06-09,749.72
2017-06-12,751.09
2017-06-13,756.89
2017-06-14,760.77
2017-06-15,760.57
2017-06-16,761.24
2017-06-19,766.83
2017-06-20,767.99
2017-06-21,767.41
2017-06-22,766.3
2017-06-23,769.01
2017-06-26,772.52
2017-06-27,767.51
2017-06-28,769.04
2017-06-29,771.75
2017-06-30,776.47
2017-07-03,778.88
2017-07-04,775.54
2017-07-05,778.32
2017-07-06,782.65
2017-07-07,775.73
2017-07-10,766.56
2017-07-11,769.36
2017-07-12,774.17
2017-07-13,778.3
2017-07-14,777.6
2017-07-17,768.91
2017-07-18,767.49
2017-07-19,771.3
2017-07-20,768.41
2017-07-21,761.86
2017-07-24,759.74
2017-07-25,767.27
2017-07-26,773.88
2017-07-27,771.5
2017-07-28,777.09
2017-07-31,783.55
2017-08-01,786.81
2017-08-02,786.23
2017-08-03,788.49
2017-08-04,788.68
2017-08-07,792.98
2017-08-08,791.57
2017-08-09,773.66
2017-08-10,773.43
2017-08-11,772.08
2017-08-14,776.17
2017-08-15,771.06
2017-08-16,773.57
2017-08-17,767.59
2017-08-18,768.97
2017-08-21,768.79
2017-08-22,761.26
2017-08-23,765.98
2017-08-24,769.77
2017-08-25,771.63
2017-08-28,777.26
2017-08-29,774.03
2017-08-30,778.65
2017-08-31,782.76
2017-09-01,788.73
2017-09-05,792.31
2017-09-06,793.55
2017-09-07,796.72
2017-09-08,801.2
2017-09-11,797.47
2017-09-12,799.94
2017-09-13,802.78
2017-09-14,806.32
2017-09-15,805.82
2017-09-18,807.87
2017-09-19,805.93
2017-09-20,805.86
2017-09-21,803.93
2017-09-22,807.13
2017-09-25,805.58
2017-09-26,805.35
2017-09-27,803.77
2017-09-28,804.82
2017-09-29,804.42
2017-10-02,802.23
2017-10-03,798.0
2017-10-04,805.66
2017-10-05,805.23
2017-10-06,807.8
2017-10-09,808.96
2017-10-10,810.65
2017-10-11,813.95
2017-10-12,815.87
2017-10-13,820.95
2017-10-16,819.43
2017-10-17,828.29
2017-10-18,827.72
2017-10-19,828.93
2017-10-20,826.84
2017-10-23,820.04
2017-10-24,825.24
2017-10-25,830.69
2017-10-26,830.11
2017-10-27,840.37
2017-10-30,845.2
2017-10-31,837.28
2017-11-01,842.71
2017-11-02,833.09
2017-11-03,843.73
2017-11-06,849.09
2017-11-07,850.33
2017-11-08,859.7
2017-11-09,860.4
2017-11-10,868.21
2017-11-13,879.34
2017-11-14,880.9
2017-11-15,882.59
2017-11-16,892.8
2017-11-17,890.69
2017-11-20,903.55
2017-11-21,918.3
2017-11-22,932.66
2017-11-23,933.7
2017-11-24,935.57
2017-11-27,938.61
2017-11-28,941.21
2017-11-29,952.14
2017-11-30,949.93
2017-12-01,960.33
2017-12-04,970.02
2017-12-05,953.3
2017-12-06,947.64
2017-12-07,938.65
2017-12-08,940.16
2017-12-11,917.45
2017-12-12,927.25
2017-12-13,924.4
2017-12-14,935.85
2017-12-15,935.16
2017-12-18,958.06
2017-12-19,951.42
2017-12-20,953.51
2017-12-21,946.06
2017-12-22,952.32
2017-12-25,958.31
2017-12-26,965.93
2017-12-27,968.46
2017-12-28,976.72
2017-12-29,984.24
2018-01-02,995.77
2018-01-03,1005.67
2018-01-04,1019.75
2018-01-05,1012.65
2018-01-08,1022.9
2018-01-09,1033.56
2018-01-10,1038.11
2018-01-11,1048.17
2018-01-12,1050.11
2018-01-15,1063.47
2018-01-16,1062.96
2018-01-17,1034.69
2018-01-18,1050.25
2018-01-19,1062.07
2018-01-22,1087.42
2018-01-25,1104.57
2018-01-26,1115.64
2018-01-29,1109.8
2018-01-30,1110.56
2018-01-31,1110.36
2018-02-01,1099.67
2018-02-02,1105.04
2018-02-05,1048.71
2018-02-06,1011.6
2018-02-07,1040.55
2018-02-08,1023.25
2018-02-09,1003.94
2018-02-12,1041.79
2018-02-13,1059.73
2018-02-21,1087.15
2018-02-22,1076.03
2018-02-23,1102.85
2018-02-26,1114.53
2018-02-27,1119.61
2018-02-28,1121.54
2018-03-01,1115.79
2018-03-02,1121.21
2018-03-05,1093.48
2018-03-06,1120.29
2018-03-07,1112.26
2018-03-08,1124.15
2018-03-09,1123.41
2018-03-12,1126.29
2018-03-13,1133.31
2018-03-14,1138.09
2018-03-15,1138.76
2018-03-16,1150.19
2018-03-19,1159.22
2018-03-20,1159.39
2018-03-21,1169.36
2018-03-22,1172.36
2018-03-23,1153.59
2018-03-26,1171.22
2018-03-27,1171.73
2018-03-28,1172.24
2018-03-29,1167.03
2018-03-30,1174.46
2018-04-02,1196.61
2018-04-03,1188.29
2018-04-04,1191.54
2018-04-05,1193.17
2018-04-06,1199.96
2018-04-09,1204.33
2018-04-10,1198.12
2018-04-11,1167.11
2018-04-12,1173.02
2018-04-13,1157.14
2018-04-16,1148.49
2018-04-17,1153.28
2018-04-18,1138.53
2018-04-19,1094.63
2018-04-20,1119.86
2018-04-23,1076.78
2018-04-24,1080.74
2018-04-26,1044.86
2018-04-27,1050.26
2018-05-02,1029.08
2018-05-03,1026.46
2018-05-04,1026.8
2018-05-07,1062.26
2018-05-08,1060.45
2018-05-09,1056.97
2018-05-10,1028.87
2018-05-11,1044.85
2018-05-14,1066.98
2018-05-15,1073.5
2018-05-16,1054.62
2018-05-17,1030.64
2018-05-18,1040.54
2018-05-21,1014.98
2018-05-22,985.91
2018-05-23,988.94
2018-05-24,985.92
2018-05-25,963.9
2018-05-28,931.75
2018-05-29,952.18
2018-05-30,948.5
2018-05-31,971.25
2018-06-01,992.87
2018-06-04,1013.78
2018-06-05,1022.74
2018-06-06,1034.5
2018-06-07,1036.69
2018-06-08,1039.01
2018-06-11,1039.02
2018-06-12,1020.76
2018-06-13,1030.53
2018-06-14,1015.72
2018-06-15,1016.51
2018-06-18,987.34
2018-06-19,962.16
2018-06-20,980.95
2018-06-21,969.4
2018-06-22,983.17
2018-06-25,990.52
2018-06-26,983.02
2018-06-27,968.91
2018-06-28,957.35
2018-06-29,960.78
2018-07-02,947.15
2018-07-03,906.01
2018-07-04,914.99
2018-07-05,899.4
2018-07-06,917.51
2018-07-09,915.12
2018-07-10,911.12
2018-07-11,893.16
2018-07-12,898.51
2018-07-13,909.72
2018-07-16,911.11
2018-07-17,921.27
2018-07-18,942.39
2018-07-19,943.97
2018-07-20,933.39
2018-07-23,936.74
2018-07-24,934.08
2018-07-25,927.58
2018-07-26,930.16
2018-07-27,935.52
2018-07-30,949.73
2018-07-31,956.39
2018-08-01,952.77
2018-08-02,953.55
2018-08-03,959.6
2018-08-06,960.23
2018-08-07,956.79
2018-08-08,966.27
2018-08-09,963.5
2018-08-10,968.47
2018-08-13,978.04
2018-08-14,978.27
2018-08-15,961.37
2018-08-16,964.28
2018-08-17,968.88
2018-08-20,969.62
2018-08-21,979.21
2018-08-22,982.15
2018-08-23,987.36
2018-08-24,987.05
2018-08-27,991.92
2018-08-28,995.19
2018-08-29,988.17
2018-08-30,998.07
2018-08-31,989.54
2018-09-04,975.94
2018-09-05,968.44
2018-09-06,958.19
2018-09-07,968.9
2018-09-10,970.34
2018-09-11,985.06
2018-09-12,987.01
2018-09-13,987.95
2018-09-14,991.34
2018-09-17,987.61
2018-09-18,993.49
2018-09-19,995.54
2018-09-20,1004.74
2018-09-21,1002.97
2018-09-24,1011.29
2018-09-25,1010.74
2018-09-26,1009.61
2018-09-27,1015.37
2018-09-28,1017.13
2018-10-01,1012.88
2018-10-02,1018.79
2018-10-03,1020.4
2018-10-04,1023.62
2018-10-05,1008.39
2018-10-08,996.12
2018-10-09,996.19
2018-10-10,993.96
2018-10-11,945.89
2018-10-12,970.08
2018-10-15,951.64
2018-10-16,963.37
2018-10-17,971.6
2018-10-18,963.47
2018-10-19,958.36
2018-10-22,953.51
2018-10-23,939.68
2018-10-24,922.73
2018-10-25,910.17
2018-10-26,900.82
2018-10-29,888.82
2018-10-30,888.69
2018-10-31,914.76
2018-11-01,907.96
2018-11-02,924.86
2018-11-05,925.53
2018-11-06,922.05
2018-11-07,922.16
2018-11-08,926.28
2018-11-09,914.29
2018-11-12,918.12
2018-11-13,905.38
2018-11-14,900.93
2018-11-15,897.15
2018-11-16,898.19
2018-11-19,916.06
2018-11-20,919.02
2018-11-21,922.56
2018-11-22,924.42
2018-11-23,917.97
2018-11-26,921.03
2018-11-27,923.12
2018-11-28,930.2
2018-11-29,926.79
2018-11-30,926.54
2018-12-03,951.59
2018-12-04,958.84
2018-12-05,957.14
2018-12-06,954.82
2018-12-07,958.59
2018-12-10,955.89
2018-12-11,954.58
2018-12-12,961.28
2018-12-13,960.25
2018-12-14,952.04
2018-12-17,933.65
2018-12-18,927.25
2018-12-19,919.24
2018-12-20,918.24
2018-12-21,912.26
2018-12-24,908.56
2018-12-25,897.94
2018-12-26,891.75
2018-12-27,900.81
2018-12-28,892.54
2019-01-02,891.75
2019-01-03,878.22
2019-01-04,880.9
2019-01-07,889.64
2019-01-08,887.44
2019-01-09,896.99
2019-01-10,898.3
2019-01-11,902.71
2019-01-14,901.8
2019-01-15,909.68
2019-01-16,908.7
2019-01-17,901.89
2019-01-18,902.3
2019-01-21,911.05
2019-01-22,906.55
2019-01-23,908.18
2019-01-24,908.79
2019-01-25,908.88
2019-01-28,912.18
2019-01-29,915.93
2019-01-30,915.84
2019-01-31,910.65
2019-02-01,908.67
2019-02-11,926.1
2019-02-12,937.54
2019-02-13,945.25
2019-02-14,952.34
2019-02-15,950.89
2019-02-18,961.3
2019-02-19,964.35
2019-02-20,970.58
2019-02-21,987.57
2019-02-22,988.91
2019-02-25,994.43
2019-02-26,987.06
2019-02-27,990.27
2019-02-28,965.47
2019-03-01,979.63
2019-03-04,993.99
2019-03-05,992.45
2019-03-06,994.49
2019-03-07,994.03
2019-03-08,985.25
2019-03-11,984.6
2019-03-12,1001.32
2019-03-13,1005.41
2019-03-14,1008.44
2019-03-15,1004.12
2019-03-18,1011.86
2019-03-19,1006.59
2019-03-20,1002.3
2019-03-21,981.78
2019-03-22,988.71
2019-03-25,970.07
2019-03-26,969.79
2019-03-27,975.91
2019-03-28,982.98
2019-03-29,980.76
2019-04-01,988.53
2019-04-02,985.81
2019-04-03,984.46
2019-04-04,986.91
2019-04-05,989.26
2019-04-08,997.56
2019-04-09,988.48
2019-04-10,981.91
2019-04-11,985.95
2019-04-12,982.9
2019-04-16,977.17
2019-04-17,972.1
2019-04-18,962.3
2019-04-19,966.21
2019-04-22,965.86
2019-04-23,968.0
2019-04-24,976.92
2019-04-25,974.13
2019-04-26,979.64
2019-05-02,978.5
2019-05-03,974.14
2019-05-06,957.97
2019-05-07,957.56
2019-05-08,951.22
2019-05-09,947.01
2019-05-10,952.55
2019-05-13,958.54
2019-05-14,965.34
2019-05-15,975.64
2019-05-16,975.69
2019-05-17,976.48
2019-05-20,987.13
2019-05-21,986.29
2019-05-22,983.78
2019-05-23,982.71
2019-05-24,970.03
2019-05-27,975.14
2019-05-28,972.0
2019-05-29,971.54
2019-05-30,969.34
2019-05-31,959.88
2019-06-03,946.47
2019-06-04,951.16
2019-06-05,951.41
2019-06-06,948.21
2019-06-07,958.28
2019-06-10,962.9
2019-06-11,962.07
2019-06-12,954.17
2019-06-13,950.08
2019-06-14,953.61
2019-06-17,946.95
2019-06-18,944.01
2019-06-19,949.69
2019-06-20,959.18
2019-06-21,959.2
2019-06-24,962.85
2019-06-25,960.13
2019-06-26,959.13
2019-06-27,943.11
2019-06-28,949.94
2019-07-01,965.61
2019-07-02,961.98
2019-07-03,960.39
2019-07-04,973.04
2019-07-05,975.34
2019-07-08,966.35
2019-07-09,969.05
2019-07-10,973.65
2019-07-11,978.63
2019-07-12,975.4
2019-07-15,972.53
2019-07-16,982.11
2019-07-17,982.57
2019-07-18,976.05
2019-07-19,982.34
2019-07-22,982.04
2019-07-23,989.46
2019-07-24,988.41
2019-07-25,994.95
2019-07-26,993.35
2019-07-29,997.94
2019-07-30,986.02
2019-07-31,991.66
2019-08-01,997.39
2019-08-02,991.1
2019-08-05,973.15
2019-08-06,964.61
2019-08-07,965.93
2019-08-08,975.24
2019-08-09,974.34
2019-08-12,975.31
2019-08-13,966.83
2019-08-14,968.91
2019-08-15,979.38
2019-08-16,980.0
2019-08-19,981.03
2019-08-20,984.67
2019-08-21,994.38
2019-08-22,997.26
2019-08-23,992.45
2019-08-26,982.88
2019-08-27,976.79
2019-08-28,977.26
2019-08-29,978.59
2019-08-30,984.06
2019-09-03,979.36
2019-09-04,977.63
2019-09-05,976.79
2019-09-06,974.08
2019-09-09,974.12
2019-09-10,970.26
2019-09-11,969.31
2019-09-12,976.07
2019-09-13,987.22
2019-09-16,989.86
2019-09-17,996.74
2019-09-18,995.15
2019-09-19,997.1
2019-09-20,990.36
2019-09-23,985.75
2019-09-24,988.13
2019-09-25,987.3
2019-09-26,990.75
2019-09-27,997.84
2019-09-30,996.56
2019-10-01,999.59
2019-10-02,991.19
2019-10-03,992.45
2019-10-04,987.59
2019-10-07,983.09
2019-10-08,988.22
2019-10-09,987.83
2019-10-10,987.38
2019-10-11,991.84
2019-10-14,993.57
2019-10-15,993.05
2019-10-16,994.46
2019-10-17,989.82
2019-10-18,989.2
2019-10-21,983.56
2019-10-22,987.19
2019-10-23,987.79
2019-10-24,993.6
2019-10-25,996.57
2019-10-28,996.48
2019-10-29,995.87
2019-10-30,1000.89
2019-10-31,998.82
2019-11-01,1015.59
2019-11-04,1022.43
2019-11-05,1024.34
2019-11-06,1024.91
2019-11-07,1024.03
2019-11-08,1022.49
2019-11-11,1016.75
2019-11-12,1018.33
2019-11-13,1012.77
2019-11-14,1012.3
2019-11-15,1010.03
2019-11-18,1002.91
2019-11-19,1008.35
2019-11-20,1000.56
2019-11-21,987.89
2019-11-22,977.78
2019-11-25,976.35
2019-11-26,976.79
2019-11-27,978.17
2019-11-28,970.39
2019-11-29,970.75
2019-12-02,959.31
2019-12-03,953.43
2019-12-04,965.9
2019-12-05,963.27
2019-12-06,963.56
2019-12-09,966.06
2019-12-10,960.3
2019-12-11,961.78
2019-12-12,968.17
2019-12-13,966.18
2019-12-16,961.47
2019-12-17,954.03
2019-12-18,951.13
2019-12-19,952.26
2019-12-20,956.41
2019-12-23,959.43
2019-12-24,958.88
2019-12-25,960.92
2019-12-26,958.59
2019-12-27,963.51
2019-12-30,965.03
2019-12-31,960.99
2020-01-02,966.67
2020-01-03,965.14
2020-01-06,955.79
2020-01-07,958.88
2020-01-08,948.98
2020-01-09,960.15
2020-01-10,968.54
2020-01-13,965.84
2020-01-14,967.0
2020-01-15,967.56
2020-01-16,974.31
2020-01-17,978.96
2020-01-20,978.63
2020-01-21,986.37
2020-01-22,991.46
2020-01-30,959.58
2020-01-31,936.62
2020-02-03,928.14
2020-02-04,929.09
2020-02-05,925.91
2020-02-06,938.54
2020-02-07,940.75
2020-02-10,930.73
2020-02-11,934.67
2020-02-12,937.68
2020-02-13,938.24
2020-02-14,937.45
2020-02-17,934.77
2020-02-18,927.93
2020-02-19,928.76
2020-02-20,938.13
2020-02-21,933.09
2020-02-24,903.34
2020-02-25,909.67
2020-02-26,895.97
2020-02-27,898.44
2020-02-28,882.19
2020-03-02,884.43
2020-03-03,890.61
2020-03-04,889.37
2020-03-05,893.31
2020-03-06,891.44
2020-03-09,835.49
2020-03-10,837.5
2020-03-11,811.35
2020-03-12,769.25
2020-03-13,761.78
2020-03-16,747.86
2020-03-17,745.78
2020-03-18,747.66
2020-03-19,725.94
2020-03-20,709.73
2020-03-23,666.59
2020-03-24,659.21
2020-03-25,690.25
2020-03-26,694.21
2020-03-27,696.06
2020-03-30,662.26
2020-03-31,662.53
2020-04-01,680.23
2020-04-03,701.8
2020-04-06,736.75
2020-04-07,746.69
2020-04-08,748.02
2020-04-09,760.33
2020-04-10,757.94
2020-04-13,765.79
2020-04-14,767.41
2020-04-15,777.22
2020-04-16,780.7
2020-04-17,789.6
2020-04-20,794.97
2020-04-21,766.84
2020-04-22,768.92
2020-04-23,773.91
2020-04-24,776.66
2020-04-27,770.77
2020-04-28,767.21
2020-04-29,769.11
2020-05-04,762.47
2020-05-05,764.16
2020-05-06,782.59
2020-05-07,796.54
2020-05-08,813.73
2020-05-11,828.33
2020-05-12,835.32
2020-05-13,834.21
2020-05-14,832.4
2020-05-15,827.03
2020-05-18,837.01
2020-05-19,845.92
2020-05-20,852.91
2020-05-21,862.73
2020-05-22,852.74
2020-05-25,859.04
2020-05-26,869.13
2020-05-27,857.48
2020-05-28,861.39
2020-05-29,864.47
2020-06-01,878.67
2020-06-02,874.8
2020-06-03,881.17
2020-06-04,883.9
2020-06-05,886.22
2020-06-08,899.92
2020-06-09,899.43
2020-06-10,900.0
2020-06-11,867.37
2020-06-12,863.52
2020-06-15,832.47
2020-06-16,856.13
2020-06-17,854.44
2020-06-18,855.27
2020-06-19,868.56
2020-06-22,871.28
2020-06-23,868.2
2020-06-24,859.71
2020-06-25,854.59
2020-06-26,851.98
2020-06-29,829.36
2020-06-30,825.11
2020-07-01,843.49
2020-07-02,842.38
2020-07-03,847.61
2020-07-06,861.16
2020-07-07,863.42
2020-07-08,864.5
2020-07-09,876.46
2020-07-10,871.21
2020-07-13,868.72
2020-07-14,868.11
2020-07-15,869.91
2020-07-16,876.83
2020-07-17,872.02
2020-07-20,861.4
2020-07-21,861.69
2020-07-22,855.08
2020-07-23,856.75
2020-07-24,829.16
2020-07-27,785.17
2020-07-28,813.36
2020-07-29,790.84
2020-07-30,801.13
2020-07-31,798.39
2020-08-03,814.65
2020-08-04,827.57
2020-08-05,837.8
2020-08-06,840.04
2020-08-07,841.46
2020-08-10,843.2
2020-08-11,843.08
2020-08-12,846.92
2020-08-13,855.05
2020-08-14,850.74
2020-08-17,850.15
2020-08-18,846.43
2020-08-19,851.21
2020-08-20,848.21
2020-08-21,854.78
2020-08-24,868.68
2020-08-25,874.12
2020-08-26,873.47
2020-08-27,874.71
2020-08-28,878.98
2020-08-31,881.65
2020-09-01,891.73
2020-09-03,903.97
2020-09-04,901.54
2020-09-07,888.25
2020-09-08,890.14
2020-09-09,889.32
2020-09-10,888.82
2020-09-11,888.97
2020-09-14,894.57
2020-09-15,896.26
2020-09-16,897.47
2020-09-17,894.04
2020-09-18,900.95
2020-09-21,907.94
2020-09-22,906.19
2020-09-23,912.5
2020-09-24,908.58
2020-09-25,908.27
2020-09-28,912.5
2020-09-29,903.98
2020-09-30,905.21
2020-10-01,914.09
2020-10-02,909.91
2020-10-05,914.68
2020-10-06,915.67
2020-10-07,919.72
2020-10-08,918.84
2020-10-09,924.0
2020-10-12,925.83
2020-10-13,929.86
2020-10-14,940.18
2020-10-15,942.76
2020-10-16,943.3
2020-10-19,943.69
2020-10-20,944.42
2020-10-21,939.03
2020-10-22,949.9
2020-10-23,961.26
2020-10-26,950.8
2020-10-27,946.47
2020-10-28,921.05
2020-10-29,919.08
2020-10-30,925.47
2020-11-02,933.68
2020-11-03,935.41
2020-11-04,939.76
2020-11-05,937.75
2020-11-06,938.29
2020-11-09,951.99
2020-11-10,951.9
2020-11-11,952.22
2020-11-12,959.28
2020-11-13,966.29
2020-11-16,950.79
2020-11-17,968.9
2020-11-18,973.53
2020-11-19,983.26
2020-11-20,990.0
2020-11-23,994.19
2020-11-24,995.76
2020-11-25,999.94
2020-11-26,1005.97
2020-11-27,1010.22
2020-11-30,1003.08
2020-12-01,1008.87
2020-12-02,1014.32
2020-12-03,1019.8
2020-12-04,1021.49
2020-12-07,1029.98
2020-12-08,1029.26
2020-12-09,1039.13
2020-12-10,1030.91
2020-12-11,1045.96
2020-12-14,1064.09
2020-12-15,1055.27
2020-12-16,1066.99
2020-12-17,1051.77
2020-12-18,1067.46
2020-12-21,1081.08
2020-12-22,1083.45
2020-12-23,1078.9
2020-12-24,1067.52
2020-12-25,1084.42
2020-12-28,1091.33
2020-12-29,1099.49
2020-12-30,1097.54
2020-12-31,1103.87
2021-01-04,1120.47
2021-01-05,1132.55
2021-01-06,1143.21
2021-01-07,1156.49
2021-01-08,1167.69
2021-01-11,1184.89
2021-01-12,1192.28
2021-01-13,1186.05
2021-01-14,1187.4
2021-01-15,1194.2
2021-01-18,1191.94
2021-01-19,1131.0
2021-01-20,1134.68
2021-01-21,1164.21
2021-01-22,1166.78
2021-01-25,1166.05
2021-01-26,1136.12
2021-01-27,1097.17
2021-01-28,1023.94
2021-01-29,1056.61
2021-02-01,1035.51
2021-02-02,1075.53
2021-02-03,1111.29
2021-02-04,1112.19
2021-02-05,1126.91
2021-02-08,1083.18
2021-02-09,1114.93
2021-02-17,1155.78
2021-02-18,1174.38
2021-02-19,1173.5
2021-02-22,1175.04
2021-02-23,1177.64
2021-02-24,1162.01
2021-02-25,1165.43
2021-02-26,1168.47
2021-03-01,1186.17
2021-03-02,1186.61
2021-03-03,1186.95
2021-03-04,1168.52
2021-03-05,1168.69
2021-03-08,1168.27
2021-03-09,1161.97
2021-03-10,1170.08
2021-03-11,1181.73
2021-03-12,1181.56
2021-03-15,1184.56
2021-03-16,1179.9
2021-03-17,1186.09
2021-03-18,1200.94
2021-03-19,1194.05
2021-03-22,1194.43
2021-03-23,1183.45
2021-03-24,1161.81
2021-03-25,1163.1
2021-03-26,1162.21
2021-03-29,1175.68
2021-03-30,1186.36
2021-03-31,1191.44
2021-04-01,1216.1
2021-04-02,1224.45
2021-04-05,1236.05
2021-04-06,1239.96
2021-04-07,1242.38
2021-04-08,1234.89
2021-04-09,1231.66
2021-04-12,1252.45
2021-04-13,1248.33
2021-04-14,1255.87
2021-04-15,1247.25
2021-04-16,1238.71
2021-04-19,1260.58
2021-04-20,1268.28
2021-04-22,1227.82
2021-04-23,1248.53
2021-04-26,1215.77
2021-04-27,1219.75
2021-04-28,1229.55
2021-04-29,1239.39
2021-05-04,1242.2
2021-05-05,1256.43
2021-05-06,1250.57
2021-05-07,1241.81
2021-05-10,1259.58
2021-05-11,1256.04
2021-05-12,1269.09
2021-05-13,1261.99
2021-05-14,1266.36
2021-05-17,1258.7
2021-05-18,1252.68
2021-05-19,1262.49
2021-05-20,1278.22
2021-05-21,1283.93
2021-05-24,1297.98
2021-05-25,1308.58
2021-05-26,1316.7
2021-05-27,1303.57
2021-05-28,1320.46
2021-05-31,1328.05
2021-06-01,1337.78
2021-06-02,1340.78
2021-06-03,1364.28
2021-06-04,1374.05
2021-06-07,1358.78
2021-06-08,1319.88
2021-06-09,1332.9
2021-06-10,1323.58
2021-06-11,1351.74
2021-06-14,1361.72
2021-06-15,1367.36
2021-06-16,1356.52
2021-06-17,1359.92
2021-06-18,1377.77
2021-06-21,1372.63
2021-06-22,1379.97
2021-06-23,1376.87
2021-06-24,1379.72
2021-06-25,1390.12
2021-06-28,1405.81
2021-06-29,1410.04
2021-06-30,1408.55
2021-07-01,1417.08
2021-07-02,1420.27
2021-07-05,1411.13
2021-07-06,1354.79
2021-07-07,1388.55
2021-07-08,1374.68
2021-07-09,1347.14
2021-07-12,1296.3
2021-07-13,1297.54
2021-07-14,1279.91
2021-07-15,1293.92
2021-07-16,1299.31
2021-07-19,1243.51
2021-07-20,1273.29
2021-07-21,1270.79
2021-07-22,1293.67
2021-07-23,1268.83
2021-07-26,1272.71
2021-07-27,1276.93
2021-07-28,1277.07
2021-07-29,1293.6
2021-07-30,1310.05
2021-08-02,1314.22
2021-08-03,1332.44
2021-08-04,1334.74
2021-08-05,1345.55
2021-08-06,1341.45
2021-08-09,1359.86
2021-08-10,1362.43
2021-08-11,1357.79
2021-08-12,1353.05
2021-08-13,1357.05
2021-08-16,1370.96
2021-08-17,1363.09
2021-08-18,1360.94
2021-08-19,1374.85
2021-08-20,1329.43
2021-08-23,1298.86
2021-08-24,1298.74
2021-08-25,1309.55
2021-08-26,1301.12
2021-08-27,1313.2
2021-08-30,1328.14
2021-08-31,1331.47
2021-09-01,1334.65
2021-09-06,1346.39
2021-09-07,1341.9
2021-09-08,1333.61
2021-09-09,1343.98
2021-09-10,1345.31
2021-09-13,1341.43
2021-09-14,1339.7
2021-09-15,1345.83
2021-09-16,1345.87
2021-09-17,1352.64
2021-09-20,1350.48
2021-09-21,1339.84
2021-09-22,1350.68
2021-09-23,1352.76
2021-09-24,1351.17
2021-09-27,1324.99
2021-09-28,1339.31
2021-09-29,1339.21
2021-09-30,1342.06
2021-10-01,1334.89
2021-10-04,1339.54
2021-10-05,1354.63
2021-10-06,1362.82
2021-10-07,1365.99
2021-10-08,1372.73
2021-10-11,1394.09
2021-10-12,1394.8
2021-10-13,1391.91
2021-10-14,1391.85
2021-10-15,1392.7
2021-10-18,1395.53
2021-10-19,1395.33
2021-10-20,1393.8
2021-10-21,1384.77
2021-10-22,1389.24
2021-10-25,1385.4
2021-10-26,1391.63
2021-10-27,1423.02
2021-10-28,1438.01
2021-10-29,1444.27
2021-11-01,1438.97
2021-11-02,1452.46
2021-11-03,1444.3
2021-11-04,1448.34
2021-11-05,1456.51
2021-11-08,1467.57
2021-11-09,1461.5
2021-11-10,1465.02
2021-11-11,1462.35
2021-11-12,1473.37
2021-11-15,1476.57
2021-11-16,1466.45
2021-11-17,1475.85
2021-11-18,1469.83
2021-11-19,1452.35
2021-11-22,1447.25
2021-11-23,1463.63
2021-11-24,1488.87
2021-11-25,1500.81
2021-11-26,1493.03
2021-11-29,1484.84
2021-11-30,1478.44
2021-12-01,1485.19
2021-12-02,1482.05
2021-12-03,1443.32
2021-12-06,1413.58
2021-12-07,1446.77
2021-12-08,1452.87
2021-12-09,1467.98
2021-12-10,1463.54
2021-12-13,1476.21
2021-12-14,1476.02
2021-12-15,1475.5
2021-12-16,1476.61
2021-12-17,1479.79
2021-12-20,1477.33
2021-12-21,1478.74
2021-12-22,1477.67
2021-12-23,1456.96
2021-12-24,1477.03
2021-12-27,1488.88
2021-12-28,1494.39
2021-12-29,1485.82
2021-12-30,1485.97
2021-12-31,1498.28
2022-01-04,1525.58
2022-01-05,1522.5
2022-01-06,1528.57
2022-01-07,1528.48
2022-01-10,1503.71
2022-01-11,1492.31
2022-01-12,1510.51
2022-01-13,1496.05
2022-01-14,1496.02
2022-01-17,1452.84
2022-01-18,1438.94
2022-01-19,1442.79
2022-01-20,1465.3
2022-01-21,1472.89
2022-01-24,1439.71
2022-01-25,1479.58
2022-01-26,1481.58
2022-01-27,1470.76
2022-01-28,1478.96
2022-02-07,1497.66
2022-02-08,1500.99
2022-02-09,1505.38
2022-02-10,1506.79
2022-02-11,1501.71
2022-02-14,1471.96
2022-02-15,1492.75
2022-02-16,1492.1
2022-02-17,1507.99
2022-02-18,1504.84
2022-02-21,1510.84
2022-02-22,1503.47
2022-02-23,1512.3
2022-02-24,1494.85
2022-02-25,1498.89
2022-02-28,1490.13
2022-03-01,1498.78
2022-03-02,1485.52
2022-03-03,1505.0
2022-03-04,1505.33
2022-03-07,1499.05
2022-03-08,1473.71
2022-03-09,1473.74
2022-03-10,1479.08
2022-03-11,1466.54
2022-03-14,1446.25
2022-03-15,1452.74
2022-03-16,1459.33
2022-03-17,1461.34
2022-03-18,1469.1
2022-03-21,1494.95
2022-03-22,1503.78
2022-03-23,1502.34
2022-03-24,1498.26
2022-03-25,1498.5
2022-03-28,1483.18
2022-03-29,1497.76
2022-03-30,1490.51
2022-03-31,1492.15
2022-04-01,1516.44
2022-04-04,1524.7
2022-04-05,1520.03
2022-04-06,1522.9
2022-04-07,1502.35
2022-04-08,1482.0
2022-04-12,1455.25
2022-04-13,1477.2
2022-04-14,1472.12
2022-04-15,1458.56
2022-04-18,1432.6
2022-04-19,1406.45
2022-04-20,1384.72
2022-04-21,1370.21
2022-04-22,1379.23
2022-04-25,1310.92
2022-04-26,1341.34
2022-04-27,1353.77
2022-04-28,1350.99
2022-04-29,1366.8
2022-05-04,1348.68
2022-05-05,1360.68
2022-05-06,1329.26
2022-05-09,1269.62
2022-05-10,1293.56
2022-05-11,1301.53
2022-05-12,1238.84
2022-05-13,1182.77
2022-05-16,1171.95
2022-05-17,1228.37
2022-05-18,1240.76
2022-05-19,1241.64
2022-05-20,1240.71
2022-05-23,1218.81
2022-05-24,1233.38
2022-05-25,1268.43
2022-05-26,1268.57
2022-05-27,1285.45
2022-05-30,1293.92
2022-05-31,1292.68
2022-06-01,1299.52
2022-06-02,1288.62
2022-06-03,1287.98
2022-06-06,1290.01
2022-06-07,1291.35
2022-06-08,1307.91
2022-06-09,1307.8
2022-06-10,1284.08
2022-06-13,1227.04
2022-06-14,1230.31
2022-06-15,1213.93
2022-06-16,1236.63
2022-06-17,1217.3
2022-06-20,1180.4
2022-06-21,1172.47
2022-06-22,1169.27
2022-06-23,1188.88
2022-06-24,1185.48
2022-06-27,1202.82
2022-06-28,1218.1
2022-06-29,1218.09
2022-06-30,1197.6
2022-07-01,1198.9
2022-07-04,1195.53
2022-07-05,1181.29
2022-07-06,1149.61
2022-07-07,1166.48
2022-07-08,1171.31
2022-07-11,1155.29
2022-07-12,1174.82
2022-07-13,1173.92
2022-07-14,1182.17
2022-07-15,1179.25
2022-07-18,1176.49
2022-07-19,1178.33
2022-07-20,1194.14
2022-07-21,1198.47
2022-07-22,1194.76
2022-07-25,1188.5
2022-07-26,1185.07
2022-07-27,1191.04
2022-07-28,1208.12
2022-07-29,1206.33
2022-08-01,1231.35
2022-08-02,1241.62
2022-08-03,1249.76
2022-08-04,1254.15
2022-08-05,1252.74
2022-08-08,1256.75
2022-08-09,1258.85
2022-08-10,1256.5
2022-08-11,1252.07
2022-08-12,1262.33
2022-08-15,1274.2
2022-08-16,1274.69
2022-08-17,1275.28
2022-08-18,1273.66
2022-08-19,1269.18
2022-08-22,1260.43
2022-08-23,1270.81
2022-08-24,1277.16
2022-08-25,1288.88
2022-08-26,1282.57
2022-08-29,1270.8
2022-08-30,1279.39
2022-08-31,1280.51
2022-09-05,1277.35
2022-09-06,1277.4
2022-09-07,1243.17
2022-09-08,1234.6
2022-09-09,1248.78
2022-09-12,1249.62
2022-09-13,1248.4
2022-09-14,1240.77
2022-09-15,1245.66
2022-09-16,1234.03
2022-09-19,1205.43
2022-09-20,1218.93
2022-09-21,1210.55
2022-09-22,1214.7
2022-09-23,1203.28
2022-09-26,1174.35
2022-09-27,1166.54
2022-09-28,1143.62
2022-09-29,1126.07
2022-09-30,1132.11
2022-10-03,1086.44
2022-10-04,1078.14
2022-10-05,1104.26
2022-10-06,1074.52
2022-10-07,1035.91
2022-10-10,1042.48
2022-10-11,1006.2
2022-10-12,1034.81
2022-10-13,1050.99
2022-10-14,1061.85
2022-10-17,1051.58
2022-10-18,1063.66
2022-10-19,1060.07
2022-10-20,1058.45
2022-10-21,1019.82
2022-10-24,986.15
2022-10-25,997.7
2022-10-26,993.36
2022-10-27,1028.01
2022-10-28,1027.36
2022-10-31,1027.94
2022-11-01,1033.75
2022-11-02,1023.19
2022-11-03,1019.81
2022-11-04,997.15
2022-11-07,975.19
2022-11-08,981.65
2022-11-09,985.59
2022-11-10,947.24
2022-11-11,954.53
2022-11-14,941.04
2022-11-15,911.9
2022-11-16,942.9
2022-11-17,969.26
2022-11-18,969.33
2022-11-21,960.65
2022-11-22,952.12
2022-11-23,946.0
2022-11-24,947.71
2022-11-25,971.46
2022-11-28,1005.69
2022-11-29,1032.16
2022-11-30,1048.42
2022-12-01,1036.28
2022-12-02,1080.01
2022-12-05,1093.67
2022-12-06,1048.69
2022-12-07,1041.02
2022-12-08,1050.53
2022-12-09,1051.81
2022-12-12,1032.07
2022-12-13,1047.45
2022-12-14,1050.43
2022-12-15,1055.32
2022-12-16,1052.48
2022-12-19,1038.4
2022-12-20,1023.13
2022-12-21,1018.88
2022-12-22,1022.61
2022-12-23,1020.34
2022-12-26,985.21
2022-12-27,1004.57
2022-12-28,1015.66
2022-12-29,1009.29
2022-12-30,1007.09
2023-01-03,1043.9
2023-01-04,1046.35
2023-01-05,1055.82
2023-01-06,1051.44
2023-01-09,1054.21
2023-01-10,1053.35
2023-01-11,1055.76
2023-01-12,1056.39
2023-01-13,1060.17
2023-01-16,1066.68
2023-01-17,1088.29
2023-01-18,1098.28
2023-01-19,1108.08
2023-01-27,1117.1
2023-01-30,1102.57
2023-01-31,1111.18
2023-02-01,1075.97
2023-02-02,1077.59
2023-02-03,1077.15
2023-02-06,1089.29
2023-02-07,1065.84
2023-02-08,1072.22
2023-02-09,1064.03
2023-02-10,1055.3
2023-02-13,1043.7
2023-02-14,1038.64
2023-02-15,1048.2
2023-02-16,1058.29
2023-02-17,1059.31
2023-02-20,1086.69
2023-02-21,1082.23
2023-02-22,1054.28
2023-02-23,1053.66
2023-02-24,1039.56
2023-02-27,1021.25
2023-02-28,1024.68
2023-03-01,1040.55
2023-03-02,1037.61
2023-03-03,1024.77
2023-03-06,1027.18
2023-03-07,1037.84
2023-03-08,1049.18
2023-03-09,1055.95
2023-03-10,1053.0
2023-03-13,1052.8
2023-03-14,1040.13
2023-03-15,1062.19
2023-03-16,1047.4
2023-03-17,1045.14
2023-03-20,1023.1
2023-03-21,1032.43
2023-03-22,1040.54
2023-03-23,1045.1
2023-03-24,1046.79
2023-03-27,1052.25
2023-03-28,1054.29
2023-03-29,1056.33
2023-03-30,1059.44
2023-03-31,1064.64
2023-04-03,1079.28
2023-04-04,1078.45
2023-04-05,1080.86
2023-04-06,1070.91
2023-04-07,1069.71
2023-04-10,1065.35
2023-04-11,1069.46
2023-04-12,1069.45
2023-04-13,1064.3
2023-04-14,1052.89
2023-04-17,1053.81
2023-04-18,1055.02
2023-04-19,1048.98
2023-04-20,1049.25
2023-04-21,1042.91
2023-04-24,1041.36
2023-04-25,1034.85
2023-04-26,1040.8
2023-04-27,1039.63
2023-04-28,1049.12
2023-05-04,1040.61
2023-05-05,1040.31
2023-05-08,1053.44
2023-05-09,1053.77
2023-05-10,1058.26
2023-05-11,1057.12
2023-05-12,1066.9
2023-05-15,1065.71
2023-05-16,1065.91
2023-05-17,1060.44
2023-05-18,1068.31
2023-05-19,1067.07
2023-05-22,1070.64
2023-05-23,1065.85
2023-05-24,1061.79
2023-05-25,1064.63
2023-05-26,1063.76
2023-05-29,1074.98
2023-05-30,1078.05
2023-05-31,1075.17
2023-06-01,1078.39
2023-06-02,1090.84
2023-06-05,1097.82
2023-06-06,1108.31
2023-06-07,1109.54
2023-06-08,1101.32
2023-06-09,1107.53
2023-06-12,1116.02
2023-06-13,1122.46
2023-06-14,1117.42
2023-06-15,1116.97
2023-06-16,1115.22
2023-06-19,1105.4
2023-06-20,1111.72
2023-06-21,1118.46
2023-06-22,1125.3
2023-06-23,1129.38
2023-06-26,1132.03
2023-06-27,1134.33
2023-06-28,1138.35
2023-06-29,1125.39
2023-06-30,1120.18
2023-07-03,1125.5
2023-07-04,1132.0
2023-07-05,1134.62
2023-07-06,1126.22
2023-07-07,1138.07
2023-07-10,1149.02
2023-07-11,1151.77
2023-07-12,1154.2
2023-07-13,1165.42
2023-07-14,1168.4
2023-07-17,1173.13
2023-07-18,1174.09
2023-07-19,1172.98
2023-07-20,1172.81
2023-07-21,1185.9
2023-07-24,1190.72
2023-07-25,1195.9
2023-07-26,1200.84
2023-07-27,1197.33
2023-07-28,1207.67
2023-07-31,1222.9
2023-08-01,1217.56
2023-08-02,1220.43
2023-08-03,1210.95
2023-08-04,1225.98
2023-08-07,1241.42
2023-08-08,1242.23
2023-08-09,1233.99
2023-08-10,1220.61
2023-08-11,1232.21
2023-08-14,1236.84
2023-08-15,1234.05
2023-08-16,1243.26
2023-08-17,1233.48
2023-08-18,1177.99
2023-08-21,1179.76
2023-08-22,1180.49
2023-08-23,1172.56
2023-08-24,1189.39
2023-08-25,1183.37
2023-08-28,1201.72
2023-08-29,1204.43
2023-08-30,1213.16
2023-08-31,1224.05
2023-09-05,1234.98
2023-09-06,1245.5
2023-09-07,1243.14
2023-09-08,1241.48
2023-09-11,1223.63
2023-09-12,1245.44
2023-09-13,1238.39
2023-09-14,1223.81
2023-09-15,1227.36
2023-09-18,1211.81
2023-09-19,1211.5
2023-09-20,1226.11
2023-09-21,1212.74
2023-09-22,1193.05
2023-09-25,1153.2
2023-09-26,1137.96
2023-09-27,1153.85
2023-09-28,1152.43
2023-09-29,1154.15
2023-10-02,1155.25
2023-10-03,1118.1
2023-10-04,1128.67
2023-10-05,1113.89
2023-10-06,1128.54
2023-10-09,1137.36
2023-10-10,1143.69
2023-10-11,1150.81
2023-10-12,1151.61
2023-10-13,1154.73
2023-10-16,1141.42
2023-10-17,1121.65
2023-10-18,1103.4
2023-10-19,1087.85
2023-10-20,1108.03
2023-10-23,1093.53
2023-10-24,1105.9
2023-10-25,1101.66
2023-10-26,1055.45
2023-10-27,1060.62
2023-10-30,1042.4
2023-10-31,1028.19
2023-11-01,1039.66
2023-11-02,1075.47
2023-11-03,1076.78
2023-11-06,1089.66
2023-11-07,1080.29
2023-11-08,1113.43
2023-11-09,1113.89
2023-11-10,1101.68
2023-11-13,1100.07
2023-11-14,1109.73
2023-11-15,1122.5
2023-11-16,1125.53
2023-11-17,1101.19
2023-11-20,1103.66
2023-11-21,1110.46
2023-11-22,1113.82
2023-11-23,1088.49
2023-11-24,1095.61
2023-11-27,1088.06
2023-11-28,1095.43
2023-11-29,1102.8
2023-11-30,1094.13
2023-12-01,1102.16
2023-12-04,1120.49
2023-12-05,1115.97
2023-12-06,1126.43
2023-12-07,1121.49
2023-12-08,1124.44
2023-12-11,1125.5
2023-12-12,1127.63
2023-12-13,1114.2
2023-12-14,1110.13
2023-12-15,1102.3
2023-12-18,1091.88
2023-12-19,1096.3
2023-12-20,1100.76
2023-12-21,1102.43
2023-12-22,1103.06
2023-12-25,1117.66
2023-12-26,1122.25
2023-12-27,1121.99
2023-12-28,1128.93
2023-12-29,1129.93
2024-01-02,1131.72
2024-01-03,1144.17
2024-01-04,1150.72
2024-01-05,1154.68
2024-01-08,1160.19
2024-01-09,1158.59
2024-01-10,1161.54
2024-01-11,1162.22
2024-01-12,1154.7
2024-01-15,1154.12
2024-01-16,1163.12
2024-01-17,1162.53
2024-01-18,1169.06
2024-01-19,1181.5
2024-01-22,1182.86
2024-01-23,1177.5
2024-01-24,1172.97
2024-01-25,1170.37
2024-01-26,1175.67
2024-01-29,1175.69
2024-01-30,1179.65
2024-01-31,1164.31
2024-02-01,1173.02
2024-02-02,1172.55
2024-02-05,1186.06
2024-02-06,1188.48
2024-02-07,1198.53
2024-02-15,1202.5
2024-02-16,1209.7
2024-02-19,1224.97
2024-02-20,1230.06
2024-02-21,1230.04
2024-02-22,1227.31
2024-02-23,1212.0
2024-02-26,1224.17
2024-02-27,1237.46
2024-02-28,1254.55
2024-02-29,1252.73
2024-03-01,1258.28
2024-03-04,1261.41
2024-03-05,1269.98
2024-03-06,1262.73
2024-03-07,1268.46
2024-03-08,1247.35
2024-03-11,1235.49
2024-03-12,1245.0
2024-03-13,1270.51
2024-03-14,1264.26
2024-03-15,1263.78
2024-03-18,1243.56
2024-03-19,1242.46
2024-03-20,1260.08
2024-03-21,1276.42
2024-03-22,1281.8
2024-03-25,1267.86
2024-03-26,1282.21
2024-03-27,1283.09
2024-03-28,1290.18
2024-03-29,1284.09
2024-04-01,1281.52
2024-04-02,1287.04
2024-04-03,1271.47
2024-04-04,1268.25
2024-04-05,1255.11
2024-04-08,1250.35
2024-04-09,1262.82
2024-04-10,1258.56
2024-04-11,1258.2
2024-04-12,1276.6
2024-04-15,1216.61
2024-04-16,1215.68
2024-04-17,1193.01
2024-04-19,1174.85
2024-04-22,1190.22
2024-04-23,1177.4
2024-04-24,1205.61
2024-04-25,1204.97
2024-04-26,1209.52
2024-05-02,1216.36
2024-05-03,1221.03
2024-05-06,1241.58
2024-05-07,1248.63
2024-05-08,1250.46
2024-05-09,1248.64
2024-05-10,1244.7
2024-05-13,1240.18
2024-05-14,1243.28
2024-05-15,1254.39
2024-05-16,1268.78
2024-05-17,1273.11
2024-05-20,1277.58
2024-05-21,1277.14
2024-05-22,1266.91
2024-05-23,1281.03
2024-05-24,1261.93
2024-05-27,1267.68
2024-05-28,1281.73
2024-05-29,1272.64
2024-05-30,1266.32
2024-05-31,1261.72
2024-06-03,1280.0
2024-06-04,1283.52
2024-06-05,1284.35
2024-06-06,1283.56
2024-06-07,1287.58
2024-06-10,1290.67
2024-06-11,1284.41
2024-06-12,1300.19
2024-06-13,1301.51
2024-06-14,1279.91
2024-06-17,1274.77
2024-06-18,1279.5
2024-06-19,1279.79
2024-06-20,1282.3
2024-06-21,1282.02
2024-06-24,1254.12
2024-06-25,1256.56
2024-06-26,1261.24
2024-06-27,1259.09
2024-06-28,1245.32
2024-07-01,1254.56
2024-07-02,1269.79
2024-07-03,1276.85
2024-07-04,1279.89
2024-07-05,1283.04
2024-07-08,1283.56
2024-07-09,1293.71
2024-07-10,1285.94
2024-07-11,1283.8
2024-07-12,1280.75
2024-07-15,1279.82
2024-07-16,1281.18
2024-07-17,1268.66
2024-07-18,1274.44
2024-07-19,1264.78
2024-07-22,1254.64
2024-07-23,1231.81
2024-07-24,1238.47
2024-07-25,1233.19
2024-07-26,1242.11
2024-07-29,1246.6
2024-07-30,1245.06
2024-07-31,1251.51
2024-08-01,1226.96
2024-08-02,1236.6
2024-08-05,1188.07
2024-08-06,1210.28
2024-08-07,1215.88
2024-08-08,1208.32
2024-08-09,1223.64
2024-08-12,1230.28
2024-08-13,1230.42
2024-08-14,1230.36
2024-08-15,1223.56
2024-08-16,1252.23
2024-08-19,1261.62
2024-08-20,1272.55
2024-08-21,1284.05
2024-08-22,1282.78
2024-08-23,1285.32
2024-08-26,1280.02
2024-08-27,1280.56
2024-08-28,1281.44
2024-08-29,1281.47
2024-08-30,1283.87
2024-09-04,1275.8
2024-09-05,1268.21
2024-09-06,1273.96
2024-09-09,1267.73
2024-09-10,1255.23
2024-09-11,1253.27
2024-09-12,1256.35
2024-09-13,1251.71
2024-09-16,1239.26
2024-09-17,1258.95
2024-09-18,1264.9
2024-09-19,1271.27
2024-09-20,1272.04
2024-09-23,1268.48
2024-09-24,1276.99
2024-09-25,1287.48
2024-09-26,1291.49
2024-09-27,1290.92
2024-09-30,1287.94
2024-10-01,1292.2
2024-10-02,1287.84
2024-10-03,1278.1
2024-10-04,1270.6
2024-10-07,1269.93
2024-10-08,1271.98
2024-10-09,1281.85
2024-10-10,1286.36
2024-10-11,1288.39
2024-10-14,1286.34
2024-10-15,1281.08
2024-10-16,1279.48
2024-10-17,1286.52
2024-10-18,1285.46
2024-10-21,1279.77
2024-10-22,1269.89
2024-10-23,1270.9
2024-10-24,1257.41
2024-10-25,1252.72
2024-10-28,1254.77
2024-10-29,1261.78
2024-10-30,1258.63
2024-10-31,1264.48
2024-11-01,1254.89
2024-11-04,1244.71
2024-11-05,1245.76
2024-11-06,1261.28
2024-11-07,1259.75
2024-11-08,1252.56
2024-11-11,1250.32
2024-11-12,1244.82
2024-11-13,1246.04
2024-11-14,1231.89
2024-11-15,1218.57
2024-11-18,1217.12
2024-11-19,1205.15
2024-11-20,1216.54
2024-11-21,1228.33
2024-11-22,1228.1
2024-11-25,1234.7
2024-11-26,1242.13
2024-11-27,1241.97
2024-11-28,1242.11
2024-11-29,1250.46
2024-12-02,1251.21
2024-12-03,1249.83
2024-12-04,1240.41
2024-12-05,1267.53
2024-12-06,1270.14
2024-12-09,1273.84
2024-12-10,1272.07
2024-12-11,1268.86
2024-12-12,1267.35
2024-12-13,1262.57
2024-12-16,1263.79
2024-12-17,1261.72
2024-12-18,1266.0
2024-12-19,1254.67
2024-12-20,1257.5
2024-12-23,1262.76
2024-12-24,1260.36
2024-12-25,1274.04
2024-12-26,1272.87
2024-12-27,1275.14
2024-12-30,1272.02
2024-12-31,1266.78
2025-01-02,1269.71
2025-01-03,1254.59
2025-01-06,1246.35
2025-01-07,1246.95
2025-01-08,1251.02
2025-01-09,1245.77
2025-01-10,1230.48
2025-01-13,1235.65
2025-01-14,1229.07
2025-01-15,1236.18
2025-01-16,1242.36
2025-01-17,1249.11
2025-01-20,1249.55
2025-01-21,1246.09
2025-01-22,1242.53
2025-01-23,1259.63
2025-01-24,1265.05
2025-02-03,1253.03
2025-02-04,1264.68
2025-02-05,1269.61
2025-02-06,1271.48
2025-02-07,1275.2
2025-02-10,1263.26
2025-02-11,1268.45
2025-02-12,1266.91
2025-02-13,1270.35
2025-02-14,1276.08
2025-02-17,1272.72
2025-02-18,1278.14
2025-02-19,1288.56
2025-02-20,1292.98
2025-02-21,1296.75
2025-02-24,1304.56
2025-02-25,1303.16
2025-02-26,1302.96
2025-02-27,1307.8
2025-02-28,1305.36
2025-03-03,1309.37
2025-03-04,1311.91
2025-03-05,1304.71
2025-03-06,1318.22
2025-03-07,1326.05
2025-03-10,1330.28
2025-03-11,1332.54
2025-03-12,1334.41
2025-03-13,1326.27
2025-03-14,1326.15
2025-03-17,1336.26
2025-03-18,1330.97
2025-03-19,1324.63
2025-03-20,1323.93
2025-03-21,1321.88
2025-03-24,1330.32
2025-03-25,1331.92
2025-03-26,1326.09
2025-03-27,1323.81
2025-03-28,1317.46
2025-03-31,1306.86
2025-04-01,1317.33
2025-04-02,1317.83
2025-04-03,1229.84
2025-04-04,1210.67
2025-04-08,1132.79
2025-04-09,1094.3
2025-04-10,1168.34
2025-04-11,1222.46
2025-04-14,1241.44
2025-04-15,1227.79
2025-04-16,1210.3
2025-04-17,1217.25
2025-04-18,1219.12
2025-04-21,1207.07
2025-04-22,1197.13
2025-04-23,1211.0
2025-04-24,1223.35
2025-04-25,1229.23
2025-04-28,1226.8
2025-04-29,1226.3
